﻿[
  {
      "Author": "Ottermandias",
      "Name": "GatherBuddy [T]",
      "Description": "Adds commands to simplify gathering by finding nodes and their locations via item name and a UI to keep track of special node uptimes.",
      "InternalName": "GatherBuddy",
      "AssemblyVersion": "2.0.7.0",
      "TestingAssemblyVersion": "2.0.7.0",
      "RepoUrl": "https://github.com/Ottermandias/GatherBuddy",
      "ApplicableVersion": "any",
      "DalamudApiLevel": 3,
      "IsHide": "False",
      "IsTestingExclusive": "True",
      "DownloadCount": 1,
      "LastUpdate": 1618608322,
      "DownloadLinkTesting": "https://github.com/Ottermandias/GatherBuddy/raw/main/GatherBuddy.zip",
      "DownloadLinkUpdate": "https://github.com/Ottermandias/GatherBuddy/raw/main/GatherBuddy.zip",
  }
]
